name,depth,inserts,removes,time
bfs,14.99,144384.89,69742.48,37.5565567111969 seconds
id,15.66,67640.52,67636.62,47.409881868362426 seconds
uniform,16.06,29048.42,16761.58,59.360688095092776 seconds
A*-h1,15.45,5218.83,2855.87,7.1720451474189755 seconds
A*-h2,16.17,1586.79,786.22,0.15356296300888062 seconds
