name,depth,inserts,removes,time
bfs,5.97,603.02,346.26,0.002139618396759033 seconds
id,6.37,867.38,864.95,0.005608651638031006 seconds
uniform,5.85,453.66,265.93,0.00481579065322876 seconds
A*-h1,6.08,39.83,23.29,0.0006731295585632324 seconds
A*-h2,6.32,24.78,14.33,0.0008626580238342285 seconds
